{
  "heavenlyStems": {
    "甲": { "element": "Wood", "yinYang": "Yang", "description": "성장과 시작의 에너지" },
    "乙": { "element": "Wood", "yinYang": "Yin", "description": "부드럽고 세밀한 에너지" },
    "丙": { "element": "Fire", "yinYang": "Yang", "description": "따뜻하고 열정적인 에너지" },
    "丁": { "element": "Fire", "yinYang": "Yin", "description": "섬세하고 조화로운 에너지" },
    "戊": { "element": "Earth", "yinYang": "Yang", "description": "안정과 중심의 에너지" },
    "己": { "element": "Earth", "yinYang": "Yin", "description": "섬세하고 조화로운 안정의 에너지" },
    "庚": { "element": "Metal", "yinYang": "Yang", "description": "강하고 단호한 에너지" },
    "辛": { "element": "Metal", "yinYang": "Yin", "description": "세밀하고 정교한 에너지" },
    "壬": { "element": "Water", "yinYang": "Yang", "description": "깊고 유연한 에너지" },
    "癸": { "element": "Water", "yinYang": "Yin", "description": "부드럽고 흐르는 에너지" }
  },
  "earthlyBranches": {
    "子": { "element": "Water", "animal": "Rat", "description": "지혜롭고 민첩한 성격" },
    "丑": { "element": "Earth", "animal": "Ox", "description": "근면하고 신뢰받는 성격" },
    "寅": { "element": "Wood", "animal": "Tiger", "description": "용맹하고 강한 리더십" },
    "卯": { "element": "Wood", "animal": "Rabbit", "description": "조화롭고 친절한 성격" },
    "辰": { "element": "Earth", "animal": "Dragon", "description": "영리하고 결단력 있는 성격" },
    "巳": { "element": "Fire", "animal": "Snake", "description": "지혜롭고 열정적인 성격" },
    "午": { "element": "Fire", "animal": "Horse", "description": "활발하고 독립적인 성격" },
    "未": { "element": "Earth", "animal": "Goat", "description": "온화하고 부드러운 성격" },
    "申": { "element": "Metal", "animal": "Monkey", "description": "영리하고 창의적인 성격" },
    "酉": { "element": "Metal", "animal": "Rooster", "description": "정확하고 신뢰받는 성격" },
    "戌": { "element": "Earth", "animal": "Dog", "description": "충직하고 정의로운 성격" },
    "亥": { "element": "Water", "animal": "Pig", "description": "관대하고 온화한 성격" }
  },
  "fiveElements": {
    "Wood": { "strength": "Growth and creativity", "weakness": "Rigidity and over-expansion" },
    "Fire": { "strength": "Passion and energy", "weakness": "Impulsiveness and destruction" },
    "Earth": { "strength": "Stability and nurturing", "weakness": "Stagnation and over-dependence" },
    "Metal": { "strength": "Structure and determination", "weakness": "Rigidity and coldness" },
    "Water": { "strength": "Flexibility and depth", "weakness": "Indecision and over-adaptability" }
  },
  "yinYang": {
    "Yang": "활동적이고 외향적인 에너지",
    "Yin": "내성적이고 조화로운 에너지"
  }
}
