[
  {
    "id": 1,
    "userId": 1,
    "analysisDate": "2024-11-24",
    "birthday": "1990-01-01",
    "birthTime": "10:30",
    "gender": "Male",
    "result": "This Saju analysis predicts strong leadership skills and resilience in challenging situations. Career and financial success are favorable."
  },
  {
    "id": 2,
    "userId": 1,
    "analysisDate": "2024-11-25",
    "birthday": "1990-01-01",
    "birthTime": "10:30",
    "gender": "Male",
    "result": "Today's fortune suggests focusing on building meaningful relationships. Avoid making major financial decisions today."
  },
  {
    "id": 3,
    "userId": 2,
    "analysisDate": "2024-11-23",
    "birthday": "1995-07-15",
    "birthTime": "14:00",
    "gender": "Female",
    "result": "The analysis highlights creative talents and opportunities in artistic endeavors. Emotional balance will bring success in personal life."
  },
  {
    "result": "분석 결과: Based on the provided information, your Saju (Korean Four Pillars of Destiny) would be as follows:\n\nYear: Ren (Yang Water)\nMonth: Gyeong (Yang Metal)\nDay: Jin (Yang Earth)\nHour: Im (Yang Water)\n\nOverall, this Saju chart has a balance of elements, with a mix of Yang Water, Yang Metal, and Yang Earth. The presence of Yang Metal in the month pillar suggests a strong willpower and determination. The Yang Earth in the day pillar indicates practicality and grounded nature.\n\nThe Yang Water in the year and hour pillars suggests flexibility and adaptability. This individual may possess strong leadership qualities and is likely to excel in professions that require creativity, communication, and analytical skills.\n\nOverall, this Saju chart indicates a well-rounded individual who is capable of overcoming challenges and achieving success in various aspects of life.",
    "timestamp": "2024-11-25T11:38:36.167Z"
  }
]