[
    {
      "id": 1,
      "username": "saju_master",
      "email": "saju_master@example.com",
      "password": "hashed_password_1",
      "birthday": "1990-01-01",
      "birthTime": "10:30",
      "gender": "Male",
      "savedResults": [1, 2]
    },
    {
      "id": 2,
      "username": "jane_doe",
      "email": "jane_doe@example.com",
      "password": "hashed_password_2",
      "birthday": "1995-07-15",
      "birthTime": "14:00",
      "gender": "Female",
      "savedResults": [3]
    },
    {
      "id": 3,
      "username": "john_smith",
      "email": "john_smith@example.com",
      "password": "hashed_password_3",
      "birthday": "1988-05-20",
      "birthTime": "09:45",
      "gender": "Male",
      "savedResults": []
    }
  ]
  